{"chunk_definitions":[{"chunk_id":"csetup_chunk","chunk_label":"setup","document_id":"CC5B9A1F","expansion_state":0,"options":{"engine":"r","include":false,"label":"setup"},"row":11,"row_count":1,"visible":true},{"chunk_id":"cdbulrl7tiyjp","chunk_label":"unnamed-chunk-4","document_id":"CC5B9A1F","expansion_state":0,"options":{"engine":"r","label":"unnamed-chunk-2"},"row":75,"row_count":1,"visible":true},{"chunk_id":"cuxk08amc2ivi","chunk_label":"unnamed-chunk-5","document_id":"CC5B9A1F","expansion_state":0,"options":{"engine":"r","label":"unnamed-chunk-3"},"row":79,"row_count":1,"visible":true},{"chunk_id":"cuuct738pf0ph","chunk_label":"unnamed-chunk-6","document_id":"CC5B9A1F","expansion_state":0,"options":{"engine":"r","label":"unnamed-chunk-5"},"row":96,"row_count":1,"visible":true},{"chunk_id":"chr19ep7ahygp","chunk_label":"unnamed-chunk-7","document_id":"CC5B9A1F","expansion_state":0,"options":{"engine":"r","label":"unnamed-chunk-6"},"row":101,"row_count":1,"visible":true},{"chunk_id":"cgwha6dpr9qmh","chunk_label":"unnamed-chunk-8","document_id":"CC5B9A1F","expansion_state":0,"options":{"engine":"r","label":"unnamed-chunk-7"},"row":105,"row_count":1,"visible":true},{"chunk_id":"ccxhenxgrtgqp","chunk_label":"unnamed-chunk-9","document_id":"CC5B9A1F","expansion_state":0,"options":{"engine":"r","label":"unnamed-chunk-8"},"row":111,"row_count":1,"visible":true},{"chunk_id":"ci8hbt0ar1yt6","chunk_label":"unnamed-chunk-10","document_id":"CC5B9A1F","expansion_state":0,"options":{"engine":"r","label":"unnamed-chunk-9"},"row":115,"row_count":1,"visible":true},{"chunk_id":"ccpe4ar5a21un","chunk_label":"unnamed-chunk-11","document_id":"CC5B9A1F","expansion_state":0,"options":{"engine":"r","label":"unnamed-chunk-10"},"row":119,"row_count":1,"visible":true},{"chunk_id":"cy9a5mp474f3b","chunk_label":"unnamed-chunk-12","document_id":"CC5B9A1F","expansion_state":0,"options":{"engine":"r","label":"unnamed-chunk-11"},"row":123,"row_count":1,"visible":true},{"chunk_id":"c409ydebo5wuy","chunk_label":"unnamed-chunk-13","document_id":"CC5B9A1F","expansion_state":0,"options":{"engine":"r","label":"unnamed-chunk-12"},"row":128,"row_count":1,"visible":true},{"chunk_id":"cprjg2lqenjg9","chunk_label":"unnamed-chunk-14","document_id":"CC5B9A1F","expansion_state":0,"options":{"engine":"r","label":"unnamed-chunk-13"},"row":133,"row_count":1,"visible":true},{"chunk_id":"c8o8fq8jws4wg","chunk_label":"unnamed-chunk-15","document_id":"CC5B9A1F","expansion_state":0,"options":{"engine":"r","label":"unnamed-chunk-14"},"row":137,"row_count":1,"visible":true},{"chunk_id":"cjssd74t5caw3","chunk_label":"unnamed-chunk-16","document_id":"CC5B9A1F","expansion_state":0,"options":{"engine":"r","label":"unnamed-chunk-15"},"row":142,"row_count":1,"visible":true},{"chunk_id":"c1a3avd8hvic5","chunk_label":"unnamed-chunk-17","document_id":"CC5B9A1F","expansion_state":0,"options":{"engine":"r","label":"unnamed-chunk-16"},"row":158,"row_count":1,"visible":true},{"chunk_id":"c93dbuoco2l8i","chunk_label":"unnamed-chunk-18","document_id":"CC5B9A1F","expansion_state":0,"options":{"engine":"r","label":"unnamed-chunk-17"},"row":163,"row_count":1,"visible":true}],"default_chunk_options":{"echo":true},"doc_write_time":1584629816,"working_dir":null}