{"chunk_definitions":[{"chunk_id":"csetup_chunk","chunk_label":"setup","document_id":"68330BE4","expansion_state":0,"options":{"engine":"r","include":false,"label":"setup"},"row":9,"row_count":1,"visible":true},{"chunk_id":"ca8jklzm7huep","chunk_label":"cars","document_id":"68330BE4","expansion_state":0,"options":{"engine":"r","label":"cars"},"row":19,"row_count":1,"visible":true},{"chunk_id":"c0ezes9lt68hz","chunk_label":"pressure","document_id":"68330BE4","expansion_state":0,"options":{"echo":false,"engine":"r","label":"pressure"},"row":27,"row_count":1,"visible":true},{"chunk_id":"cjawp6f35rj05","chunk_label":"unnamed-chunk-1","document_id":"68330BE4","expansion_state":0,"options":{"echo":false,"engine":"r","label":"unnamed-chunk-1"},"row":44,"row_count":1,"visible":true},{"chunk_id":"cp5rprhupz6d4","chunk_label":"unnamed-chunk-2","document_id":"68330BE4","expansion_state":0,"options":{"engine":"r","label":"unnamed-chunk-52"},"row":52,"row_count":1,"visible":true},{"chunk_id":"cubm9lpo27i88","chunk_label":"unnamed-chunk-3","document_id":"68330BE4","expansion_state":0,"options":{"engine":"r","label":"unnamed-chunk-53"},"row":59,"row_count":1,"visible":true},{"chunk_id":"cu5g7j8wbrml4","chunk_label":"unnamed-chunk-4","document_id":"68330BE4","expansion_state":0,"options":{"engine":"r","label":"unnamed-chunk-54"},"row":64,"row_count":1,"visible":true},{"chunk_id":"c8makyiiwm9mz","chunk_label":"unnamed-chunk-5","document_id":"68330BE4","expansion_state":0,"options":{"engine":"r","label":"unnamed-chunk-55"},"row":69,"row_count":1,"visible":true},{"chunk_id":"ch9zepsmqf8gx","chunk_label":"unnamed-chunk-6","document_id":"68330BE4","expansion_state":0,"options":{"engine":"r","label":"unnamed-chunk-56"},"row":75,"row_count":1,"visible":true},{"chunk_id":"czlok9ra8p6la","chunk_label":"unnamed-chunk-7","document_id":"68330BE4","expansion_state":0,"options":{"engine":"r","label":"unnamed-chunk-57"},"row":101,"row_count":1,"visible":true},{"chunk_id":"cpxmmybo5nwy9","chunk_label":"unnamed-chunk-8","document_id":"68330BE4","expansion_state":0,"options":{"engine":"r","label":"unnamed-chunk-58"},"row":122,"row_count":1,"visible":true},{"chunk_id":"cgv6ujs8uycvf","chunk_label":"unnamed-chunk-9","document_id":"68330BE4","expansion_state":0,"options":{"engine":"r","label":"unnamed-chunk-59"},"row":134,"row_count":1,"visible":true},{"chunk_id":"c8c6968gn9tdq","chunk_label":"unnamed-chunk-10","document_id":"68330BE4","expansion_state":0,"options":{"engine":"r","label":"unnamed-chunk-60"},"row":149,"row_count":1,"visible":true},{"chunk_id":"ccj1nvw47e0gf","chunk_label":"unnamed-chunk-11","document_id":"68330BE4","expansion_state":0,"options":{"engine":"r","label":"unnamed-chunk-61"},"row":159,"row_count":1,"visible":true},{"chunk_id":"cnf395tkoavw8","chunk_label":"unnamed-chunk-12","document_id":"68330BE4","expansion_state":0,"options":{"engine":"r","label":"unnamed-chunk-62"},"row":168,"row_count":1,"visible":true},{"chunk_id":"cezuwz20khdxr","chunk_label":"unnamed-chunk-13","document_id":"68330BE4","expansion_state":0,"options":{"engine":"r","label":"unnamed-chunk-63"},"row":176,"row_count":1,"visible":true},{"chunk_id":"capgj8m38pp49","chunk_label":"unnamed-chunk-14","document_id":"68330BE4","expansion_state":0,"options":{"engine":"r","label":"unnamed-chunk-64"},"row":192,"row_count":1,"visible":true},{"chunk_id":"cfdlje1mr2bor","chunk_label":"unnamed-chunk-15","document_id":"68330BE4","expansion_state":0,"options":{"engine":"r","label":"unnamed-chunk-65"},"row":200,"row_count":1,"visible":true},{"chunk_id":"cmguonlnnelj5","chunk_label":"unnamed-chunk-16","document_id":"68330BE4","expansion_state":0,"options":{"engine":"r","label":"unnamed-chunk-66"},"row":217,"row_count":1,"visible":true},{"chunk_id":"ciff2wf7tu3i8","chunk_label":"unnamed-chunk-17","document_id":"68330BE4","expansion_state":0,"options":{"engine":"r","label":"unnamed-chunk-67"},"row":234,"row_count":1,"visible":true},{"chunk_id":"ct5d6kqp8h4mt","chunk_label":"unnamed-chunk-18","document_id":"68330BE4","expansion_state":0,"options":{"engine":"r","label":"unnamed-chunk-68"},"row":246,"row_count":1,"visible":true},{"chunk_id":"cdvv5k72erkkl","chunk_label":"unnamed-chunk-19","document_id":"68330BE4","expansion_state":0,"options":{"engine":"r","label":"unnamed-chunk-69"},"row":254,"row_count":1,"visible":true},{"chunk_id":"cjurtav5c16c6","chunk_label":"unnamed-chunk-20","document_id":"68330BE4","expansion_state":0,"options":{"engine":"r","label":"unnamed-chunk-13"},"row":269,"row_count":1,"visible":true},{"chunk_id":"ctojukuniuyp9","chunk_label":"unnamed-chunk-21","document_id":"68330BE4","expansion_state":0,"options":{"engine":"r","label":"unnamed-chunk-10"},"row":273,"row_count":1,"visible":true},{"chunk_id":"c4e01hktq3y1b","chunk_label":"unnamed-chunk-22","document_id":"68330BE4","expansion_state":0,"options":{"engine":"r","label":"unnamed-chunk-17"},"row":279,"row_count":1,"visible":true},{"chunk_id":"clnnbgn8nyr0l","chunk_label":"unnamed-chunk-23","document_id":"68330BE4","expansion_state":0,"options":{"engine":"r","label":"unnamed-chunk-73"},"row":287,"row_count":1,"visible":true},{"chunk_id":"cjublehggz4mf","chunk_label":"unnamed-chunk-24","document_id":"68330BE4","expansion_state":0,"options":{"engine":"r","label":"unnamed-chunk-14"},"row":302,"row_count":1,"visible":true},{"chunk_id":"coxeqy25ply0c","chunk_label":"unnamed-chunk-25","document_id":"68330BE4","expansion_state":0,"options":{"engine":"r","label":"unnamed-chunk-75"},"row":307,"row_count":1,"visible":true},{"chunk_id":"cxed3zmshkux1","chunk_label":"unnamed-chunk-26","document_id":"68330BE4","expansion_state":0,"options":{"engine":"r","label":"unnamed-chunk-76"},"row":313,"row_count":1,"visible":true}],"doc_write_time":1586267521}