{"chunk_definitions":[{"chunk_id":"csetup_chunk","chunk_label":"setup","document_id":"CC5B9A1F","expansion_state":0,"options":{"engine":"r","include":false,"label":"setup"},"row":11,"row_count":1,"visible":true},{"chunk_id":"cg8rby72b5n5b","chunk_label":"unnamed-chunk-1","document_id":"CC5B9A1F","expansion_state":0,"options":{"engine":"r","label":"unnamed-chunk-1"},"row":55,"row_count":1,"visible":true},{"chunk_id":"cqt9mfcndva5b","chunk_label":"unnamed-chunk-2","document_id":"CC5B9A1F","expansion_state":0,"options":{"engine":"r","label":"unnamed-chunk-3"},"row":63,"row_count":1,"visible":true},{"chunk_id":"cn048rfpyyodq","chunk_label":"unnamed-chunk-3","document_id":"CC5B9A1F","expansion_state":0,"options":{"engine":"r","label":"unnamed-chunk-6"},"row":69,"row_count":1,"visible":true},{"chunk_id":"ck9xnkaw0x9xd","chunk_label":"unnamed-chunk-4","document_id":"CC5B9A1F","expansion_state":0,"options":{"engine":"r","label":"unnamed-chunk-7"},"row":75,"row_count":1,"visible":true},{"chunk_id":"ci5euczbj187t","chunk_label":"unnamed-chunk-5","document_id":"CC5B9A1F","expansion_state":0,"options":{"engine":"r","label":"unnamed-chunk-8"},"row":79,"row_count":1,"visible":true},{"chunk_id":"cy72zafiomvzq","chunk_label":"unnamed-chunk-6","document_id":"CC5B9A1F","expansion_state":0,"options":{"engine":"r","label":"unnamed-chunk-9"},"row":96,"row_count":1,"visible":true},{"chunk_id":"cx5pe85uotv56","chunk_label":"unnamed-chunk-7","document_id":"CC5B9A1F","expansion_state":0,"options":{"engine":"r","label":"unnamed-chunk-10"},"row":101,"row_count":1,"visible":true},{"chunk_id":"cbpycdeoc1wrp","chunk_label":"unnamed-chunk-8","document_id":"CC5B9A1F","expansion_state":0,"options":{"engine":"r","label":"unnamed-chunk-11"},"row":105,"row_count":1,"visible":true},{"chunk_id":"cy8q0vb8bv4de","chunk_label":"unnamed-chunk-14","document_id":"CC5B9A1F","expansion_state":0,"options":{"engine":"r","label":"unnamed-chunk-15"},"row":133,"row_count":1,"visible":true},{"chunk_id":"ctywuc7nbpz96","chunk_label":"unnamed-chunk-15","document_id":"CC5B9A1F","expansion_state":0,"options":{"engine":"r","label":"unnamed-chunk-16"},"row":137,"row_count":1,"visible":true}],"default_chunk_options":{"echo":true},"doc_write_time":1584704263,"working_dir":null}