{"chunk_definitions":[{"chunk_id":"csetup_chunk","chunk_label":"setup","document_id":"86DE32B4","expansion_state":0,"options":{"engine":"r","include":false,"label":"setup"},"row":11,"row_count":1,"visible":true},{"chunk_id":"chttfsue4aki3","chunk_label":"unnamed-chunk-1","document_id":"86DE32B4","expansion_state":0,"options":{"engine":"r","label":"unnamed-chunk-1"},"row":59,"row_count":1,"visible":true},{"chunk_id":"cofnde5a3cp8g","chunk_label":"unnamed-chunk-2","document_id":"86DE32B4","expansion_state":0,"options":{"engine":"r","label":"unnamed-chunk-2"},"row":66,"row_count":1,"visible":true},{"chunk_id":"caq4xjv07brag","chunk_label":"unnamed-chunk-3","document_id":"86DE32B4","expansion_state":0,"options":{"engine":"r","label":"unnamed-chunk-45"},"row":76,"row_count":1,"visible":true},{"chunk_id":"ceiy6e2qmkyse","chunk_label":"unnamed-chunk-4","document_id":"86DE32B4","expansion_state":0,"options":{"engine":"r","label":"unnamed-chunk-47"},"row":82,"row_count":1,"visible":true},{"chunk_id":"cnlnitd5b6i99","chunk_label":"unnamed-chunk-5","document_id":"86DE32B4","expansion_state":0,"options":{"engine":"r","label":"unnamed-chunk-4"},"row":89,"row_count":1,"visible":true},{"chunk_id":"concbil8y7h81","chunk_label":"unnamed-chunk-6","document_id":"86DE32B4","expansion_state":0,"options":{"engine":"r","label":"unnamed-chunk-5"},"row":95,"row_count":1,"visible":true},{"chunk_id":"ctoauv1pcicap","chunk_label":"unnamed-chunk-7","document_id":"86DE32B4","expansion_state":0,"options":{"engine":"r","label":"unnamed-chunk-26"},"row":101,"row_count":1,"visible":true},{"chunk_id":"co9ir92rue1q7","chunk_label":"unnamed-chunk-8","document_id":"86DE32B4","expansion_state":0,"options":{"engine":"r","label":"unnamed-chunk-7"},"row":105,"row_count":1,"visible":true},{"chunk_id":"ctostf4w8uyel","chunk_label":"unnamed-chunk-9","document_id":"86DE32B4","expansion_state":0,"options":{"engine":"r","label":"unnamed-chunk-8"},"row":110,"row_count":1,"visible":true},{"chunk_id":"c5ubag70fji87","chunk_label":"unnamed-chunk-10","document_id":"86DE32B4","expansion_state":0,"options":{"engine":"r","label":"unnamed-chunk-9"},"row":119,"row_count":1,"visible":true},{"chunk_id":"cft77wbhxsian","chunk_label":"unnamed-chunk-11","document_id":"86DE32B4","expansion_state":0,"options":{"engine":"r","label":"unnamed-chunk-10"},"row":123,"row_count":1,"visible":true},{"chunk_id":"co1y111nysqb2","chunk_label":"unnamed-chunk-12","document_id":"86DE32B4","expansion_state":0,"options":{"engine":"r","label":"unnamed-chunk-11"},"row":127,"row_count":1,"visible":true},{"chunk_id":"cto2vta8xgnlo","chunk_label":"unnamed-chunk-13","document_id":"86DE32B4","expansion_state":0,"options":{"engine":"r","label":"unnamed-chunk-12"},"row":131,"row_count":1,"visible":true},{"chunk_id":"cezbyr09x7kni","chunk_label":"unnamed-chunk-14","document_id":"86DE32B4","expansion_state":0,"options":{"engine":"r","label":"unnamed-chunk-40"},"row":137,"row_count":1,"visible":true},{"chunk_id":"c167o0ut6yzes","chunk_label":"unnamed-chunk-15","document_id":"86DE32B4","expansion_state":0,"options":{"engine":"r","label":"unnamed-chunk-41"},"row":141,"row_count":1,"visible":true},{"chunk_id":"cn7ottrsupa31","chunk_label":"unnamed-chunk-16","document_id":"86DE32B4","expansion_state":0,"options":{"engine":"r","label":"unnamed-chunk-49"},"row":146,"row_count":1,"visible":true},{"chunk_id":"cws9yqz2iak1e","chunk_label":"unnamed-chunk-17","document_id":"86DE32B4","expansion_state":0,"options":{"engine":"r","label":"unnamed-chunk-14"},"row":150,"row_count":1,"visible":true},{"chunk_id":"cr804rir59bxq","chunk_label":"unnamed-chunk-18","document_id":"86DE32B4","expansion_state":0,"options":{"engine":"r","label":"unnamed-chunk-15"},"row":155,"row_count":1,"visible":true},{"chunk_id":"ceh80bfipxxu9","chunk_label":"unnamed-chunk-19","document_id":"86DE32B4","expansion_state":0,"options":{"engine":"r","label":"unnamed-chunk-16"},"row":159,"row_count":1,"visible":true},{"chunk_id":"crhww6g6w7t88","chunk_label":"unnamed-chunk-20","document_id":"86DE32B4","expansion_state":0,"options":{"engine":"r","label":"unnamed-chunk-17"},"row":163,"row_count":1,"visible":true},{"chunk_id":"cqcrn5nzw3x6a","chunk_label":"unnamed-chunk-21","document_id":"86DE32B4","expansion_state":0,"options":{"engine":"r","label":"unnamed-chunk-18"},"row":167,"row_count":1,"visible":true},{"chunk_id":"catz2p27964qq","chunk_label":"unnamed-chunk-22","document_id":"86DE32B4","expansion_state":0,"options":{"engine":"r","label":"unnamed-chunk-19"},"row":174,"row_count":1,"visible":true},{"chunk_id":"caxn3m9yzys1f","chunk_label":"unnamed-chunk-23","document_id":"86DE32B4","expansion_state":0,"options":{"engine":"r","label":"unnamed-chunk-20"},"row":179,"row_count":1,"visible":true}],"chunk_rendered_width":700,"default_chunk_options":{"echo":true},"doc_write_time":1584629816,"working_dir":null}