{"chunk_definitions":[{"chunk_id":"csetup_chunk","chunk_label":"setup","document_id":"CED9A92A","expansion_state":0,"options":{"engine":"r","include":false,"label":"setup"},"row":9,"row_count":1,"visible":true},{"chunk_id":"cdokgahp20ciz","chunk_label":"#ambil file excel kemudian di dataframe kan","document_id":"CED9A92A","expansion_state":0,"options":{"engine":"r","label":"#ambil file excel kemudian di dataframe kan"},"row":22,"row_count":1,"visible":true},{"chunk_id":"cgq7f59zn9k1h","chunk_label":"#predict using model","document_id":"CED9A92A","expansion_state":0,"options":{"engine":"r","label":"#predict using model"},"row":33,"row_count":1,"visible":true},{"chunk_id":"cd028r8ybw0bi","chunk_label":"#save dalam bentuk excel","document_id":"CED9A92A","expansion_state":0,"options":{"engine":"r","label":"#save dalam bentuk excel"},"row":44,"row_count":1,"visible":true}],"default_chunk_options":{"echo":true},"doc_write_time":1594066080,"working_dir":null}